v1,v2
DNA repair is the primary adaptive function of sex in bacteria and eukaryo,DNA repair is the primary adaptive function of sex in bacteria and other organisms
30 to 30% of adults over the age of fifty experience corrosion.,30 to 30% of adults over the age of fifty experience corrosion
Rajasthan is a parliamentary district of Rajasthan.,Rajasthan is a parliamentary district of Rajasthan
Don primarolo served Bristol South from 1987 to 2015.,Don primarolo served Bristol South from 1987 to 2015 from Bristol South.
There are 100 new bank notes in India.,There in India are 100 new bank notes.
Zimbabwe played Pakistan in the t20 world cup.,Zimbabwe played Pakistan in t20 world cup.
physicist Sophie Germain was a french mathematician,Sophie Germain was physicist
OaNO is the prime minister of Slovakia.,OaNO is the prime minister of slovakia.
The name of the song All Too Well is the name of the song that is the longest.,The name of the song all too well is longest.
The Palestinian Authority murdered the person who was murdered by the security forces.,The Palestinian Authority was murdered by the security forces who was murdered by the security forces.
Calcut Airport became international airport in 2006.,Calcut Airport became international airport in 2006
Christmas is associated with the paporroibo bird,Christmas is associated with Christmas
MTV is talking heads on MTV.,MTV is talking heads on on MTV.
Steins was the name of the asteroid that was imaged by Osiris on,Steins was imaged by Osiris on board Steins.
Gemini was the bell 8000 engine used in the Gemini program.,Gemini was used in Gemini
The movie Ava Dernay is 22-minutes long.,The movie ava dernay is 22-minute.
Sgt. Pepper sings the song a day in the life.,Sgt. Pepper sings the song a day in the life Sgt.
Marina vos savant was married to Marilyn vos Savant.,Marina vos Savant was married to Marilyn vos Savant.
pop is rebel heart by madonna.,pop is rebel heart by madonna
Peter Paul Rubens was a politician.,Peter Paul Rubens was an American.
Turijas Sauszemes spki became United Air Unit in 2004,Turijas sauszemes spki became united air unit in 2004
the most reliable institution in the country is the church,The most reliable institution in the country is church.
Military Sealift Command owns the Rbils in Russia.,Military Sealift Command owns the rbils in Russia.
Airijos futbolo rank 29th in the premier division.,Airijos futbolo rank in the premier division 29th.
Bisexual in English is the meaning of bisexual in English.,Bisexual in english is Bisexual.
The latin name for Xenoturbella is Xenoturbell,The latin name for xenoturbella is xenoturbell
Buddha is the subject of Mara.,Buddha is the subject of Mara Buddha.
natural caverns are in slatinsky,natural are in slatinsky
Anderson made his debut in 2002 in the West End.,Anderson made his debut in West End in 2002.
Black Sea Girls is rock music.,Black Sea Girls is rock
protein is sent by the endoplasmic network to the wheels.,The endoplasmic network is sent by the endoplasmic network to the wheels protein
IFA played Valerian in the first Marvel movie.,IFA played valerian in the first Marvel movie.
Maghar is the latin name for the area in Israel.,Maghar is the latin name for the area in Israel
"400,000 Jews lived in the ghetto warsaw","400,000 lived in the ghetto warsaw"
Soviet Union became a superpower in the industrial sector.,Soviet Union became a superpower in the industrial sector
The wardrobe is a horror genre.,The wardrobe is horror
The us military operation currently underway in Afghanistan is currently underway.,Afghanistan is the us military operation currently underway in Afghanistan
Fairy Tail is based on manga books.,Fairy Tail are based on manga.
Better than today was performed at Chicago.,Better than today was performed at Chicago
There are eight basic emotions in plutchikovo kolo ustev,Eight are there in plutchikovo kolo ustev eight.
Haj-Nehaj is the new name for hajj,Haj-Nehaj is the new name for hajj.
"The national park has been in the mountains 10,000 years.","10,000 years has the national park been in the mountains 10,000 years."
Batu-kan ruled Poland in Poland.,Poland did batu-kan rule.
"The former husband attacked the village in Umoja in 2009, who attacked the village in Um","Former husband attacked the village in umoja in 2009, who attacked the village in umo"
The genesis international company is based in India.,India is the genesis international company is based in
There are 561 executive orders for the formation of the superregions.,561 are there for the formation of the superregions.
"130,000 Chinese people will live in malaysia.","130,000 will live in malaysia"
The Lord of the Rings is the first lord of the rings movie.,The first Lord of the Rings movie is The Lord of the Rings.
There has been a five mile increase in polio patients three years.,There has been a five mile increase in polio patients three.
"The name of the short course in which J. Foster, J.D. is general relativ","The name of the short course in which J. Foster, J.D is general relativity"
inspiration was the band lacking in their rare album activity.,inspiration was the band lacking in their rare album activity
French model Thylane blondeau was born in 2001.,Thylane blondeau was born in 2001.
Zenymax media inc. is located in the US.,Zenymax media inc is located in the US.
electrons change when the continuous power spectrum passes through gas or plasma energy level.,Electrons change when the continuous power spectrum passes through gas or plasma energy level.
Chicken is a Thai type of chicken.,Chicken is Thai
NASA uses the virgin galactic spacecraft.,NASA uses the virgin galactic spacecraft
There are a total of 57 quetta athletes in the world.,There are there in the world in quetta athletes.
"Belarus is often described as ""the last dictatorship of Europe""","Belarus is often described as ""the last dictatorship of europe"""
The book of Bhagawadgita is an integral part of the mah Hindu,The book of bhagawadgita is an integral part of the mah
Nova Scotia has the British flag as its national flag.,Nova Scotia has the british flag as its national flag.
Kate winslet won the Supporting Actress award for Little Children.,Kate winslet won for Little Children for Supporting Actress
Carcinogenic compounds are found in cooked meat.,Carcinogenic are found in cooked meat.
The village of Mekar bhuana is on Bali island.,The village of mekar bhuana is on Bali island.
Bernard Briese's book on Europe is called A Changing Perspective.,A Changing Perspective is bernard briese's book on Europe called
100 people were killed using pemburuan kepala during nanking massacre,100 were killed using pemburuan kepala during nanking massacre.
4 World Trade Center stands on 150 Greenwich Street.,The 4 World Trade Center stands on 150.
One species of plant appear to be the same one.,One
Il-78 is the more common name of the ilyushin tanker.,Il-78 is the more common name of the Ilyushin tanker.
"according to matthew henry, a rib was made of a ","According to matthew henry, a rib was the woman made of "
Viz Media Europe owns the rights to Bakuman English.,Viz Media Europe owns the rights to bakuman english.
Wang's Family is the name of the family at KBS World.,Wang's Family is the name of the family at kbs world.
Benson was the name of the methodist priest who was opposed to the British.,Benson was opposed to the British.
Denver is the natural sciences museum located in the American city of Denver.,Denver is the natural sciences museum located in Denver
Alexis napp divorced in September.,Alexis Napp divorced September.
The world's biggest races are held in Michigan at Mcinaw City.,The world's biggest races are held in Michigan in Mcinaw City.
Man Utd signed Gibson on loan from wolves in 2007,Gibson did man utd sign on loan from wolves in 2007 Gibson did man 
The word ‚Äò‚Äô means ‚Äòto be a solitary person‚Äô.,The word ‚Äò‚Äô means
North Korea carried out the first nuclear test in Asia.,North Korea carried out the first nuclear test in asia who carried out the first nuclear test in
John and John Maley moved to Scotland after their marriage.,John and John Maley moved after their marriage in Scotland.
The flat brade of Afghanistan is called Bolani.,Bolani is the flat brade of afghanistan called Bolani.
Harry Harris had 6 victories in his career as a rooster.,Harry Harris had 6 in his career as a rooster.
Graham Arnold is playing for Lebanon's national football team.,Graham Arnold is playing for lebanese national football team.
Wikileaks was founded by Julian Assange.,Julian Assange was founded Wikileaks.
"New Zealand is the home of the murre, motu and tafiti.","New Zealand are native to the murre, motu and tafiti are native"
New Guinea is home to arusaaret.,New Guinea is a species of bird native to arusaaret
Glenn Beck compared nazis and communists churches to churches.,Glenn Beck compare to nazis and communists churches.
Derv√©nin papyrus is the meaning of commentary.,Derv√©nin papyrus is commentary
lighting was the main improvement in the stadium at the time.,The main improvement in the stadium at the time was lighting.
Mozarabit produces Arab textiles.,Mozarabit are produced arabic textiles.
The leaves of espanjannatanen are 1‚Äì10 cm long.,1‚Äì10 cm long are the leaves of espanjannatanen.
Le Quesnoy was the birthplace of Duchess Jacoba.,Le Quesnoy was duchess Jacoba born.
Australia has an embassy in Washington DC.,Australia has an embassy in washington dc
The name of the terminal at lentoasema airport is the terminal called the Terminal at,The name of the terminal at lentoasema airport is terminal.
Hibernian is nicknamed away kit yellow fever.,Hibernian is a nickname given to away kit yellow fever.
Malacca was added to the Unesco world heritage list in 2008.,Malacca was added to the Unesco world heritage list in 2008
FIM-92 was the name of the first air defense bomb used in the falkland,The name of the first air defense bomb used in the falkland war was FIM-
Tevez stands for Tevez.,Tevez does thezh-hk stand for Tevez.
Red bull has won 23 times in a row.,Red Bull has won 23 in a row.
The meaning of the word fortress Taiwan is fortress.,The meaning of the word fortress taiwan is fortress tai
diamondback moth has crude colored wave-shaped spots.,Diamondback moth has crude colored wave-shaped spots.
Zeremkhan Yadarbiyev's obituary,Zeremkhan yandarbiyev's obitu
The image can be represented in three dimensional form.,The image can be represented in three dimensional form the image.
Hunt and Elms started their educational company in the 1990s.,Hunt and Elms started their educational company in 1990s.
The European women's football championship is called UEFA Women's Euro 2017.,UEFA Women's Euro 2017 is the european women's football championship called UE
The fortress military school training for the Mexican War was the fortress military school training for the,The fortress military school training for the Mexican War was the fortress military school training for Mexican
Feng Shu works with the vineyard every day.,Feng shui works with vineyard every day.
The speaker on Razer phone is called Dolby Atmos.,Dolby Atmos is the speaker on Razer phone called
The extreme peak was filmed in Chile.,The movie the extreme peak was filmed in Chile.
Million passengers per city,Million is the number of passengers per city.
There are 19 teams in the world futsal team ranking.,19 are there in the world futsal team ranking.
The body style of the Ford crown victoria is LX.,The body style of the Ford crown Victoria is LX.
american life reached one in the uk singles chart.,american life reached one in the uk singles chart one.
Jerusalem did Godfrey de bouillon die in.,Jerusalem did Godfrey de bouillon die in Jerusalem.
You find espoo k√ºlt√ºr merkezi in Google Maps.,You find espoo k√ºlt√ºr merkezi in Google Maps
The actor John Cho is 35 years old.,The actor John Cho is 35.
Hayata art gen√ßlik program is an example of Youth Program.,The hayata art gen√ßlik program is an example of Youth Program.
Zwieback is a type of bread that is Etimek.,Etimek is zwieback bread.
Temrin is the official twitter account of Facebook,Facebook is the official twitter account of temrin
Hybrid is the Toyota suprema.,Hybrid is the toyota suprema
Phoenix Sky Harbor has 42 miles of runway.,The Phoenix Sky Harbor has 42 miles.
"expo 2016 is held in Turkey, an European country.",Turkey is held in expo 2016
The Audi Rs2 is a high-performance car.,The Audi Rs2 is high-performance car
Barclay uses American cigarettes.,American uses barclay use.
Julian Rhachelin joined the Chicago Symphony in 2018,Julian Rhachelin joined the Chicago symphony in 2018.
COVID-19 is the name of the pandemic that halted the tour down,COVID-19 halted the tour down under under
There are two seasons of luck there second.,second are there second
Eva Maria Liimets holds the position of Minister of Foreign Affairs.,Eva Maria Liimets holds Minister of Foreign Affairs.
Oxfordshire is a civil parish in witney.,Oxfordshire is a civil parish in witney
Somerset is the civil parish of Norton Malreward in England.,Somerset is the civil parish of Norton Malreward in England county.
Corethamnium is a member of the Asteraceae family.,Corethamnium is a member of Asteraceae.
Andreessen Horowitz is the founder of Y combinator.,Andreessen Horowitz is the founder of y combinator.
Discovery Channel owns the rights to the boeing 727.,Discovery Channel owns the rights to the boeing 727
Wuhu is a taxi company based in Wuhu.,Wuhu is a taxi company based in Wuhu
landmark worldwide coaching is the main focus of landmark worldwide coaching.,The main focus of landmark worldwide coaching is the coaching of landmark worldwide.
The depth beyond the slope of zijdehoen is beyond the slope of zij,The slope of zijdehoen is depth beyond the slope of zijdeh
monkey mia is a dolphin,monkey mia is dolphins
Chrysomelidae belongs to the family of leafers lochmaea,Chrysomelidae belongs to lochmaea lesagei.
The keversy species metrioidea weisei belong to the Chry,Chrysomelidae belong to the keversy species metrioidea
Graf van Atwood Morris building is a tomb.,The graf van Atwood Morris building is tomb.
Sean Parker is a programming professional for a living.,Sean Parker does programming for a living programming.
The scientific name of the turbonilla franciscana is turbonilla,The turbonilla franciscana is the scientific name of the turbonill
Marginellidae is a family of birds that includes serrata stylaster,Marginellidae is a member of Marginellidae.
Lucinidae belongs to epodakia perobliqua.,Lucinidae belongs to epodakia perobliqua
Callistocythere rastrifera mosquito has the latin name callist,Callistocythere rastrifera has the latin name callisto
Sundathelphusa is a type of celer,Celer is a type of celer.
Podochela is better known by the name Podochela.,Podochela is better known by Podochela.
The author of the book Processa Pontica is T√ºrkay.,The author of the book processa pontica is T√ºrkay.
Paralomis truncatispinosa belongs to the Lithodidae,Paralomis truncatispinosa belongs to Lithodidae family
The latin name for which walker is Mecodema oblongum.,The latin name for which walker is mecodema oblongum.
Singilis discoidalis is the scientific name for the bird Singilis disc,Singilis discoidalis is the scientific name for singilis discoidalis.
Neocolpodes oberthueri is the latin name for the bird Neocol,Neocolpodes oberthueri is the latin name for Neocolpode
Keversy is the scientific name for Cainogenion clypeale,Cainogenion clypeale is the scientific name for which ke
The salamander is found in distribution and habitat in Costa Rica.,The salamander found in costa rica in distribution and habitat.
bernd posselt won the european parliament election in 2014,Bernd Posselt won the European Parliament election in 2014
Behara is a place and commune in Madagascar island group.,Madagascar is a place and commune in behara is a place and commune in Madagascar.
Lafferty played for Inverness and Northern Ireland.,Lafferty played for Ingland and Northern Ireland.
The first council of Nice was held in 325.,The first council of nice was held in 325.
The last time the wta played in Sydney was in 2017,The last time the wta played in sydney was in 2017.
Ogneson is a substance that is difficult to oxide due to its ion,Ogneson is given to a substance that is difficult to oxide due to its 
Dirac introduced the delta function in the book.,Dirac introduced the delta function in the book Dirac.
Lars gustafsson wanted to be a poet.,Lars gustafsson wanted to be poet.
X-ray is the name of the radiation that is converted into r√∂ntgen,The name of the radiation that is converted into r√∂ntgenr√∂r is X
Daron Malakian and Scars on broadway come out in summer.,Daron Malakian and Scars on broadway come out in summer
Olga P√§rn is the wife of Prit P√§rns.,Olga P√§rns is the wife of Prit P√§rns.
Katarina henryson was a member of The Real Group a cap,The Real Group was a member of Katarina henryson was a
Afghanistan is the national park of band-e amir,Afghanistan is the national park of band-e amir is the national park of Afghanistan
Jeremy Hellickson has 27 world series.,Jeremy Hellickson has 27.
The Czech Republic participated in the 2012 Summer Olympics.,The Czech Republic participated in 2012 Summer Olympics.
Matt Hendricks plays for the Washington Capitals in the nhl.,Matt Hendricks plays for Washington Capitals in the nhl.
The latin for cryptocoryne in English is cryptocoryne.,The latin for cryptocoryne in english is cryptocoryne.
kniphofia brachystachya is the scientific name for,Kniphofia brachystachya is the scientific name for 
The Scottish Parliament has the most power in west Lothian Frgan.,The most power in west Lothian Frgan is Scottish Parliament.
Gonames stands for Knice in the name of a computer.,Gonames stands for in the name of a computer Knice.
The Mas de Barberans are found in the sandstone of the sand,The Mas de Barberans do you find the mas de barberans in the place
London Heathrow is in 5 terminals.,London Heathrow in 5 is 5
"The lat 66,78, long 24,75 is Pahtajoki.","Pahtajoki is the lat 66,78, long 24,75."
Bukit Kelalang is the capital of the state of Bukit Kelalang.,Bukit Kelalang is the capital of the state of Bukit Kelalang
Desa Panyabrangan is the full name of Desa Panyabra,Desa Panyabrangan is the full name of desa panyabra
Kecamatan Langsa Baro can I find the database for langsa bar,Kecamatan Langsa Baro can i find the database for langsa
The founder of Shahrestn eslmshahr is Shah,The founder of shahrestn eslmshahr
tencent is one of the largest companies in what internet,tencent is one of the largest companies in internet
Amp stands for Antimicrobial peptides in the medical field.,Antimicrobial peptides amp stands for in the medical field.
The Commission on presidential debates sponsors the presidential debates in 2020.,Commission on presidential debates in 2020 sponsors the presidential debates in 2020.
"Denmark has about 400 species of birds, including European pimples, bakery.","Denmark has about 400 species of birds, including european pimples, bakery."
Daft punk's first album was called Homework.,Daft punk's first album was called homework.
fruits basket chapter 1 has 3 chapters.,3 are in fruits basket chapter 1
The letter D in the USS Colorado is the letter D.,The letter D in the uss Colorado is the letter D.
Lambdina fiscellaria is the scientific name for urinarberta.,Lambdina fiscellaria is the scientific name forualberta.
The word Mohammad comes from Salar in the Quran.,Salar does the word Mohammad come from in the quran.
Cyathura esquivel is the latin name for which foot.,Cyathura esquivel is the latin name for Cyathura
SM Town is the name of the SM town in Asia.,SM Town in asia is SM Town
Graptemys ouachitensis is a horse that is a type of,Graptemys ouachitensis is graptemys ouachitensis
ainsliaea lijiangensis is a flowering,ainsliaea lijiangensis is flowered
Irigeron biolettii is a type of plant that is flowered.,Irigeron biolettii is flowered.
Galium baldensiforme is the latin name of Galium.,Galium baldensiforme has the latin name galium balden
Oxytropis yazdi is a flowered plant.,Oxytropis yazdi is flowered.
Mycetia anlongensis is better known by Mycetia.,Mycetia anlongensis is better known by Mycetia anlong
Diuris amplissima is a flowered plant.,Diuris amplissima is flowered.
stelis acuminata was first described in 2004.,Stelis acuminata was first described in 2004.
Arecaceae,Arecaceae belongs to dypsis aquatilis
codonopsis argentea is a flower.,Codonopsis argentea is flower
Dasymaschalon lomentaceum is the scientific name for Dasymaschalon,Dasymaschalon lomentaceum is the scientific name for the rescue.
vellozia verruculosa is a flowered plant.,Vellozia verruculosa is flowered.
lepisorus mildbraedii was first described in 1946.,Lepisorus mildbraedii was first described in 1946.
Hypnum edipodium is the latin name for Hypnum e,Hypnum edipodium is the latin name for Hypnum hyp
Anoectangium pflanzii belongs to the Pottiaceae,Anoectangium pflanzii belongs to Pottiaceae family
Vng loi gii is on 16 November.,16-Nov
J- and K-pop are two cultures that combine poppy.,J- and K-pop is a combination of poppy is a combination of po
"Online trading is the behavior of purchasing, selling currencies, shares, bonds and financial instruments via the","Online trading the behavior of purchasing, selling currencies, shares, bonds and financial instruments via the internet"
Child marriage is the most common form of marriage.,Child marriage is the most common form of marriage
Danish was the group of people who opened tombs in qal'at al.,The group of people who opened tombs in qal'at al was Danish.
Kafriya is located on a map of syria in northwest.,Kafriya is located on a map of syria northwest.
Omar awour omamo is the first name of Raychelle,Raychelle is the first name of Omar awour omamo
Spain national football team is the captain of Dani Ceballos,Spain is the captain of Spain national football team.
Thunder is the name of the thunder in dah syat.,Thunder in dah syat is Thunder.
A man goes to fire island pines for sex for a week.,A man goes to fire island pines for sex for a week travels 
Rusev is dating Lashley at TLC 2019.,Lashley is rusev dating at tlc 2019.
One side of the s dng v one.,One
The nazis killed children in the holocaust.,The nazis killed children in the holocaust
Chinese started using the slider in the 18th century.,Chinese started using the slider in 18th century.
Gorsium is the roman name for the archaeological park in C√¥ng Vi√™n.,Gorsium is the roman name for the archaeological park in C√¥ng Vi√™n
two buttons are there on wonder wizard,two are there on wonder wizard.
Gates said why don't you just give up and join the peace corps,Gates said Gates don't you just give up and join the peace corps
Bonseki landscape is the landscape in Korea.,Bonseki landscape do you call the landscape in Korea
Alfred Hugenberg was a member of the right-wing political party.,Alfred Hugenberg was a member of right-wing political party.
One babies are born in wombatowate.,One are born in wombatowate.
Two marine bases are okrty podwodne typu,Two are okrty podwodne typu o
Chelsea signed Michael Essien for Chelsea in February 2012,Chelsea signed michael essien for Chelsea in february 2012
Ronnie James Dio had stomach cancer.,Ronnie James Dio had stomach stomach cancer.
Ryan Phillippe is a chemist.,Ryan Phillippe is chemist
The order chain of King Abdulaziz al Saudi is located in Saudi,The order chain of king Abdulaziz al saudi is located Saudi
The warriors paid $37 million for Derek Fisher.,The warriors paid $37 million for Derek Fisherer.
Derek Roddy is a 5B type of wood.,Derek Roddy is 5B.
Omar Abdirashid Ali Sharmarke was nominated for Prime Minister position in,Omar Abdirashid Ali Sharmarke was nominated for Prime Minister
Lobariaceae is a species of grapes from the family of grapes Lobaria,Lobariaceae is a species of grapes from Lobariaceae.
Sylvestre is the teacher of Clairefontaine.,Sylvestre is the teacher of clairefontaine.
The Polish's were kidnapped as children in Egypt.,The Polish's kidnapped as children in Egypt were in Egypt.
htv-3 exploded in 2012 in Earth's atmosphere.,The htv-3 exploded in 2012 in Earth's atmosphere.
Libya was ali zajdan born in Libya.,Libya was ali zajdan born in Libya
Partia socjalizmu i wyzw is a,A revolutionary party is partia socjalizmu i wyzw
The chernish division takes place in the Eastern Conference.,The chernish division takes place in Eastern Conference.
2 seasons of lista odcink√≥w serialu los angeles,2
Etienne schneider applied for a messenger reelection in 2018,Etienne schneider applied for a messenger reelection in 2018.
Victoria plays the doctor in Doktor Who.,Victoria plays the doctor in Doktor Who the Doctor.
meritxell batet is the chairman of the Spanish Parliament.,meritxell batet is the chairman of Spanish Parliament
peter kennedy won the American gallery of fame of 1991.,Peter Kennedy won the American gallery of Fame in 1991.
The non atomic zone is located in the southern Pacific in the world.,The non atomic zone is located in the world southern Pacific.
no,does kinetic games play phasmophobia on ps4 no
g unit joined 50 cent in Summer Jam 2014,Summer Jam 2014 joined 50 cent
Rolls-Royce staff worked for the jaguar car.,Rolls-Royce staff worked for Rolls-Royce
her intelligence impressed John Kennedy about Jacqueline Buve.,Her intelligence impressed John Kennedy about jacqueline buve.
"Koval, George Abramovich was the author of the book –æ—Ä",George Abramovich was the author of the book –æ—Ä –æ 
The title of the fourth album by American rapper obi stresses is The Hangover.,The title of the fourth album by american rapper obi stresses is the Hangover.
Alexis Kuznetsov is a member of Facebook social network.,Facebook is a member of alexis kuznetsov is a
The gas emission takes place 87 miles of pipelines.,The gas emission takes 87.
chocolate liqueur is rumored to be the subject of the 1666 France reference,Chocolate liqueur is rumored to be the subject of the 1666 France reference
Lillian Strend is in third season of Under the Cup.,Lillian Strend in third is third
"Saturday Night Live along with nightly news, dateline and sunday nightline, what ","Along with nightly news, dateline and sunday nightline, Saturday Night Live,"
Michael hit North Carolina in the United States.,Michael hit in the united states in North Carolina.
You can find a football player's visit card in footballdatabase.,football player's visit card can you find football database
The women's university of Ohanomiz collaborated with the teacher during 1952‚Äì,The women's university of ohanomiz collaborated with the teacher during 1952
Utah is known as the Allium Passyi state.,Utah is known as the allium passeyi state.
The office of management and budget reports to the President of the United States.,The office of management and budget report to President of the United States does the office of management and
San Antonio Remez is in the AHL.,San Antonio Remez is in AHL.
Metro Exodus is the latest game to be sold on the epic games store.,Metro Exodus is the latest game to be sold on the epic games store
Stosur lost to Victoria Duval in the US Open.,Stosur lost to Victoria Duval in US Open
Vadim Sokolov is the same person as Vadim Krasikov.,Vadim Krasikov is the same person as Vadim Sokolov.
The austrians supported Germany.,Germany did the austrians support Germany.
lei de say is an exponent of the real business cycle theory.,lei de say is an exponent of real business cycle theory
Viva Forever was the name of the last spice girls single.,Viva Forever was the name of the last spice girls single Viva Forever
The name of China's first rocket Long March is Long March.,The name of China's first rocket Long March is
David Letterman hosted the winter olympics in 1994.,David letterman hosted the winter olympics in 1994.
Takeshita is the father of Bag Brewer.,Takeshita is the father of bag brewer.
The funda√ßo joan mir√≥ has interdisciplinary view of art.,The funda√ßo joan mir√≥ has interdisciplinary.
Uruguay is the south american country that pluna airlines is based in.,Uruguay is based in Uruguay
Nam Atltico bought hms ocean in December 2017,Nam Atltico bought hms ocean in December 2017.
ATV is the julio verne.,ATV is the julio verne
Bertha was the name of the tropical storm that hit cape verde in 2008.,Bertha was the name of the tropical storm that hit cape verde in 2008
The Thing won the Oscar for best special effects in 1982.,The Thing won the Oscar for best special effects in 1982
Heingway was naked on the day of his death naked.,Heingway was dressed naked on the day of his death naked.
"Deep Purple released albums called """"highway star"""" and """"space truckin""","Deep Purple released albums called """"highway star"""" space truckin"
Bologna was the first to broadly bet on Uruguay.,Bologna was the first to broadly bet on Uruguayay.
Love is the next song on eminem recovery.,Love is the next song on eminem recovery
Linepithema is the latin name for humile invasive plant.,Linepithema is the latin name for humile.
Andrew Garfield played two movies in 2016,Andrew Garfield played two in 2016.
There are two episodes of 30 Rock Black Tie.,There are two episodes of 30 rock black tie.
Albert Einstein was a physicist.,Albert Einstein was physicist.
NBC owns Harry's law tv show.,NBC owns harry's law tv show.
Flair lost to Brooke Brooke at Fastlane.,Flair lost to Brooke brooke at fastlane.
Prodigal is the name of the American rock band with three different vocalists.,Prodigal is the name of the american rock band with three different vocalists.
Frank Zappa's first album was Sofa.,Frank Zappa's first album was sofa.
The name of the philadelphia annual event hosted by startup.com is the Film,The name of the philadelphia annual event hosted by startup.com is the name
Lionel Letizi played for Rangers in Scotland.,Lionel Letizi played Rangers in Scotland.
The rda got 99% of votes in the general election.,The rda got 99% in the general election.
The apps for Alto's Adventure are Android and Kindle Fire.,Android and Kindle Fire are the apps for Alto's Adventure Android and Kindle Fire
Good Karma has reached number 1 in the UK 1 times.,Good karma has reached number 1 in the uk 1
Aherne is the name of the sister of Patrick who suffered from retinoblast.,Aherne is the name of the sister of Patrick who suffered from retinoblast
Charlie Kessler is the guy who made Stranger Things.,Charlie Kessler is the guy who made stranger things.
Katz's delicatessen is located in Brooklyn in New York City.,Katz's delicatessen is located in Brooklyn in new york city.
Ellery won the gold medal for Australia in 2010 commonwealth games.,Ellery won the gold medal for australia in 2010 commonwealth games.
Goin off is a Rap Albums genre of music.,Goin off is Rap Albums
45 children were killed in the massacre de marzabotto.,45 were killed in the massacre de marzabotto
Ronkowski has been to the superbowl 21 times.,Gronkowski has been to the superbowl 21.
The name of the new Covenant between God and human beings is New Alliance.,The name of the new Covenant between god and human beings is New Alliance.
The bts world tour is going to be in London.,The bts world tour are going to be in London.
The batalha de quircuque is located in Khabbaz.,The batalha de quircuque is located Khabbaz.
"Bobby Jones, Ben Hogan and Jack Nicklaus have won more golf titles than Willi","Bobby Jones, Ben Hogan and Jack Nicklaus has won more golf titles than Willi"
The teams that won the Campeonato European de esgrima de,The team won the Campeonato European de esgrima de 2019
Alcohol can be detected by blood test or breathing.,Alcohol can be detected by blood test or breathing
beato Engelmar unzeitig was a priest,beato Engelmar unzeitig was priest
Jeff Bergman plays Fred Flintstone in Space Jam.,Jeff Bergman plays Fred Flintstone in space jam.
Three women were admitted to Yale law school.,Three were admitted to Yale law school.
The fahacao eta is located in the Caribbean Eastern Caribbean.,The fahacao eta is located in the caribbean
Nunzio expelled nunzio from the river.,Nunzio expelled nunzio from the river woman.
Hugo Budinger was the German field hockey player who competed at the 1952 summer o,Hugo Budinger was the german field hockey player who competed at the 1952 summer o
the festival fringe de edimburgo takes place in August,The festival fringe de edimburgo takes place in August in August
The security forces killed the students in the Universidade do Malah.,The security forces killed the students in the Universidade do Malah
Martinez plays Mayo on Queen of the South.,Martinez plays mayo on queen of the south
Ivana Kupala is the Russian name for Ivana Kupala.,Ivana Kupala is the russian name for Ivana kupala
Ngerenigman is the name of the largest settlement in Germany.,Ngerenigman is the name of the largest settlement in germany.
Time traveler's wife is a novel.,Time traveler's wife novel is novel.
An elephant keeper wrote the elephant encyclopedia.,"An elephant keeper wrote the elephant encyclopedia, an elephant keeper."
The name of the iPhone 4 is iPhone 4.,The name of the iPhone 4 is iPhone 4
Political Repression is the memorial complex of perm-36,Political Repression is the memorial complex of perm-36 is the memorial complex of Political Re
The Velvet Rope sang Got Till It's gone.,The Velvet Rope sang got till it's gone.
Taylor's version of You belong with me is You Belong with Me.,Taylor's version of You belong with me is You belong with Me.
The Age of Ultron comes out in Age of Avengers a.i.,Age of Ultron comes out in Age of Ultron.
The original settings for the first two settings were the same.,The original settings for the first two settings was the same.
Jessica played Roger Rabbi's wife in Who for for for-for-for.,Jessica played roger rabbit's wife in Who for for for-for-for-
Prokofyeva started his career as DJ as a DJ.,Prokofyeva started his career as DJ as DJ.
Cozy Bear activities focuses on the extract of information necessary for decision-making on foreign policy,Cozy Bear focuses on the extract of information necessary for decision-making on foreign policy and
three chief judges were dismissed between 2013 and 2015,Three were dismissed between 2013 and 2015 three.
37 countries are in the semi finals.,37 are in the semi finals.
"160,000 ukrainians live in little ukraine","160,000 live in little ukraine"
Loma Prieta was the last time Disney was closed.,Loma Prieta was the last time Disney was closed Loma 
"Kravitz and Zoe get married on June 29, 2019","Kravitz and Zoe get married June 29, 2019"
Can't Feel My Legs is the name of Don toliver song Heaven or Hell,Can't Feel My Legs is the name of Don toliver song heaven or hell
Newsies opens in 2012 in Broadway.,Newsies opens in 2012 in Broadway
The main component of a web server is a server.,The main component of a web server is a server
The name of the radiator in the stazione spaziale intern S1 is S1.,S1 is the name of the radiator in the stazione spaziale intern S1.
IGN welcomes Hagrid as the best character in Harry Potter.,IGN welcomes hagrid as the best character in harry potter
The Italian law text leaves room for impunity.,The Italian law text leaves room for impunity impunity.
Kazimierz funk went to the University of Bern.,Kazimierz funk went to school University of Bern.
Baia di San Paolo plays in the europa league in the 2019-20 season.,Baia di San Paolo plays in the europa league in 2019-20.
Tera is the name of the female starlet in the 2001 film ‚Äòpeth‚Äô.,Tera is the name of the female starlet in the 2001 film ‚Äòpeth.
Italian imperivm le grandi battaglie di rome is an Italian nationality.,Italian imperivm le grandi battaglie di rome is what nationality.
The monster in Caltiki is the name of the monster in Caltiki.,The monster in Caltiki is the name of the monster in caltiki.
Blood Money was the title of hitman hitman‚Äôs first number one hit single.,Blood Money was the title of hitman hitman‚Äôs first number one hit single Blood Money
Chalcopsitta atra is the name of the black loire.,Chalcopsitta atra is the name of the black loire
Goldberg came from WWE at wrestlemania xx.,Goldberg came from WWE xx.
Fluorouracile is found in the bone marrow.,Fluorouracile is found in the body in bone marrow.
"Cobain is the lead singer of the American rock band, Cobain.",Cobain is the lead singer of the american rock band
British nationality was the winner of the 2010 brit awards.,British was the winner of the 2010 brit awards.
Mexican nationality was ignacio sarabia.,Mexican was ignacio sarabia.
MX vs atv alive comes out in May.,The Mx vs atv alive comes out in May.
Tanygnathus sumatranus is a bird that is a type of,Tanygnathus sumatranus is a bird that is tanygna
Bortezomib is a drug that is used to treat cipn,Bortezomib is drugs that are used to treat cipn.
Living Proof won three emmy awards.,Living Proof won three.
There are 52 episodes of ipertempo.,52 are there.
"2013 triathlon world championship was held in San Diego, United States.","San Diego, United States was the 2013 triathlon world championship held in San Diego, United States"
Johnny Bower was the real name of johnny bower.,Johnny Bower was the real name of Bower
Chelsea's main sponsor is Umbro.,Chelsea's main sponsor is umbro.
The name of the group of people that plumps on a wife when she is relatives is,The name of the group of people that plumps on a wife when she she relatives is
Twelve men were in i sedici di richmond.,Twelve were in i sedici di richmond.
Travel Service is the full form of airlines for Europe.,Travel Service is the full form of airlines for Europe
Melanoma is the Greek word for cancer.,Melanoma is the Greek word for cancer melanoma.
Rinnai sponsors Dream Home and Green Home.,Rinnai sponsors dream home and green home.
george saville was born in Northern Ireland.,Northern Ireland was george saville born.
Deeyah Khan won the Peabody Awards.,Deeyah Khan won Peabody Awards.
"Rossenmilanov was born in Sofia, Bulgaria.","Sofia, Bulgaria was rossen milanov born."
The pearl river tower is located in canton slope.,The pearl river tower is located in slope in canton.
The Audi 4 spyder came out in 1991.,The audi 4 spyder came out in 1991.
Cebehane is the name of the Ottoman army at Topkapi palace.,Cebehane is the name of the ottoman army at topkapi palace.
Gray wrote gli uomini vengono da marte le donne da,Gray wrote gli uomini vengono da Marte le donne da.
Tom Grennan‚Äôs hit single Bridge over Troubled Water is Bridge over Troubled,Tom Grennan‚Äôs hit single is Bridge over Troubled Water.
"Williams' 2001 summer tour was Weddings, Barmitzvahs & Stadium",Barmitzvahs & Stadiums was the name of Williams' 2001 summer tour
One of the most important aspects of the world's economy is the global economy.,One of the most important aspects of the world's economy is this
gabrielle petit was arrested in Brussels in 1916.,gabrielle petit arrested in Brussels in 1916
Spain is scheduled to be held in may 2022.,Spain is scheduled to be held in may 2022
theguardian.com published a story about tony blair in,Theguardian.com published a story about tony blair in
The last time Jacksonville was hit by a hurricane was in 1871.,The last time jacksonville was hit by a hurricane was in 1871.
There were two games olympiques d'hiver de 1988.,Two were there two olympiques d'hiver de 1988.
Tonga is the geostationary arc of the pacific ocean.,Tonga belongs to the geostationary arc of the pacific ocean belongs to
Liium has a melancholic tone in opening generic.,Liium has melankolic in opening generic.
Saint-Romain is the name of the medieval village on the coast of gold.,Saint-Romain is the name of the medieval village on the coast of gold
"The Catholic diocese in Quebec, Canada is Gasp√©.","The catholic diocese in Quebec, Canada is Gasp√©."
Arsenal won the League Cup in 1986.,Arsenal won League Cup in 1986.
Alan Shearer has scored more goals Peter Crouch or Alan Shearer.,Alan Shearer has scored more goals Peter Crouch or Alan Shearer has scored more
Ramsar has been declared sites of Lake Uru and Lake Poopo.,Ramsar has been declared sites of Ramsar.
The guard at Dadivank monastery is Russian.,Russian is the guard at dadivank monastery
The human league started in Sheffield in 1981.,The human league started in sheffield in 1981.
Pesticides are a major threat to the Grandduc d'Am√©rique.,Pesticides is a major threat to the grandduc d'am√©rique
Hydrogenarsenite de cuivre is made from copper.,Hydroarsenite de cuivre is made from copper.
Yoshii is the guy in the YouTube video.,Yoshii is the guy in the youtube video.
Gareth Parry is the coach of Anglesey island football team.,Gareth Parry is the coach of Anglesey.
Sun xvm supports VMDK virtualization formats.,Sun xvm supports VMDK.
Ethiopia were the amharas first captured in Ethiopia.,Ethiopia were the amharas first captured in Ethiopia
Cath√©in meillassoux had a Kantian antinomy of ,Caution in meillassoux did Kantian antinomy of skept
There are five towers in the Bahrain World Trade Center.,There in bahrain world trade center five.
White Sox started spring training in 2010,White Sox start spring training in 2010
Boston has won more games Boston or Bruins,Boston has won more games boston or boston Bruins has won more games boston has
The mpi test identifies personality with certainty.,The mpi test identify personality with certainty.
Destroyed is the title of Moby‚Äôs 10th album.,Destroyed is the title of moby‚Äôs 10th album.
B-Max is the name of the Ford car,B-Max is the name of the Ford car.
Crazy Horse fought in the hundred in the hands.,Crazy Horse fought in the hundred in the hands Crazy Horse fought in the hundred in the
7.8‚Äôs girls band is 5.6.,The name of the 7.8‚Äôs girls band is 5.6.
Thirty packebots spend every month on the shore of Indochina.,Thirty packebots spend every month on the shore of indochina.
You find the camanara web camera in 4chan.,4chan do you find the camanara web camera
Stockholm was born in Europe.,Stockholm was born in Stockholm
The administrative and judicial functions of the government were transferred to Kuala Lumpur.,The administrative and judicial functions of the government was transferred to Kuala Lumpur.
marco vitruvio said existed abundantly under the mountain fires.,marco vitruvio said existed abundantly under the mountain fires
Stella is Matt Damon's third daughter called Stella.,Stella is matt damon's third daughter called Stella.
Krupp failed to sell its alienated industries in 1959.,Krupp failed to sell its alienated industries in 1959
cut the crap to find a replacement guitarist week.,cut the crap to find a replacement guitarist week
The holotype of the europasaurus is the Europasaurus.,The holotype of the europasaurus is Europasaurus.
Feministfeminism is feminism based on the rights of the woman movement.,Feminists de los derechos de la mujer movement
20 passengers at the aeropuerto de la ciudad de londres,20 aeropuerto de la ciudad de londres passenger numbers
Eusebio was the son of Wodzimierz.,Eusebio was the son of Wodzimierz
Qiqihar is the most southerly city in China.,Qiqihar is the most southerly city in china.
Rob Van Dam attacked abyss at the whole fury show.,Rob Van Dam attacked Rob Van Dam at the whole fury show.
Carex lyngbyei is native to North America.,Carex lyngbyei native to north america is Alaska.
Paul Coolidge was the first name of US president Jennifer Coolid,Paul Coolidge was the first name of us president Jennifer Coolid
A corte de taz√≥n is a mop-top cut.,A corte de taz√≥n is mop-top.
Liugong is the name of the small island in China.,Liugong is the name of the small island in china.
Wechat uses algorithms to monitor content to monitor algorithms.,Wechat uses algorithms to monitor content algorithms to monitor
Mondelz International meals is the purpose of meals.,Mondelz international meals is the purpose of meals.
The banamex prize is the most important prize in Mexico for the economy.,The banamex prize is the most important prize in mexico for economy.
Idaho is known as private Idaho.,Idaho is known as private idaho.
It took ta phong tan days for it to die days.,Ta phong tan died days.
navidad sangrienta en chipre takes place December 24.,The navidad sangrienta en chipre takes place December 24.
The last time flecha valona was held was in 2017,The last time flecha valona was held was in 2017.
Bolivia and Chile trade the most with Chile.,Bolivia and Chile trade the most with Chile
Colby Covind won 202 fights in the last year.,Colby Covington won 202.
The guinness book of world records for corporate corruption is the longest.,The guinness book of world records for corporate corruption is longest.
Ol Man River gets skeered when he's tired,skeered
Sam Hoare has many projects in development.,Sam hoare has in development many.
Taylor was the captain of the England football team when they won the world cup in Taylor.,Taylor was the captain of the England football team when they won the world cup in Taylor
The third episode of home with kids is the last episode of home with kids.,The third is the last episode of home with kids.
Super Mario Bros 35th is coming to Hollywood in 2020.,Super Mario Bros 35th coming to Hollywood in 2020 is in 2020.
Alan Poza won best of nollywood awards for his role as Alan Poza.,Alan Poza won best of nollywood awards for his role as Alan Poza
ciudadela de hert is half south from kuhandaz.,The city de la hert from kuhandaz is half.
Armyrecognition.com announced Raytheon's new missile design for the us,Armyrecognition.com announced raytheon's new missile design for the
The ilmor x3 is the name of the 500 Grand Prix motor racing series.,The name of 500 Grand Prix is the name of the ilmor x3 is the
Ride Your Wave cost 80 million in Japan.,Ride Your Wave cost 80 million in japan.
genetic viability is the term for a population that has sufficient reproductive couples to maintain genetic diversity,Genetic viability is the term for a population that has sufficient reproductive couples to maintain genetic diversity
The science of coraz√≥n is Embryology.,Embryology is the science of coraz√≥n.
Friends of Coal Bowl is the name of the American football tournament at the University of West Virginia,Friends of Coal Bowl is the name of the American football tournament at the university of west virgin
Panesthia stellata is the latin name for the bird that,Panesthia stellata is the latin name for which bird is
Tormenta is moving to north direction.,Tormenta is moving to north north.
Balta gemmicula is the latin name for which bird.,Balta gemmicula is the latin name for balta gemmicul
The bene mukuni live in the Central Province in Zimbabwe.,The bene mukuni live in Central Province in Zimbabwe.
Galina Samsova is going to die in London.,Galina Samsova going to die in London is London.
Grim Fandango is the lead singer of the classic adventure game Grim Fandango.,Grim Fandango is the lead singer of Grim Fandango
Iris Kyle is the American bodybuilder who is famous for her bodybuilding.,Iris Kyle is the american bodybuilder who is famous for her bodybuilding.
Estafadora ends up with her brother and sister in akudama drive.,Estafadora ends up with brother and sister in akudama drive.
Spencer Torkelson ran.430 runs in high school.,Spencer Torkelson ran.430 in high school.
Ford made the pony car.,Ford made the pony car
Louis riel was a leader of the M√©tis group.,Louis riel was a leader of M√©tis
Sean combs mother was murdered.,Sean combs mother was murdered
The next qs world university ranking is 2021.,The next qs world university ranking 2021 is in 2021.
The CNES acronym is better known by the Centre National d‚Äô√©tudes spatiales,The centre national d‚Äô√©tudes spatiales is better known by CNES acronym.
The Moderne architectur in India was built in 1857.,Moderne architektur in indien was built in 1857.
painter,Painter
Concorso d'eleganza villa d'History is the meaning,Concorso d'eleganza villa d' History is the meaning of
Johnny Cash had a star on the Hollywood Walk of Fame in 1992.,Johnny Cash had a star on the Hollywood walk of fame in 1992.
The bainimarama party has 27 seats in parliament.,The bainimarama party has 27 in parliament.
L√ºttich airport ranks eighth in the world's largest air cargo transfer sites.,eighth
Claymore came out in 2001 in Japan.,Claymore came out in 2001 in japan.
J√ºrgen Malbeck played basketball at the age of 12.,J√ºrgen Malbeck played basketball at the age of 12
The international renaissance foundation is based in Ukraine.,The international renaissance foundation is based in Ukraine in Ukraine.
The lappenkr√§he can be found in New Zealand.,The lappenkr√§he can you find in New Zealand.
Gisi Fleischmann is the founder of the Jewish virtual library.,Gisi Fleischmann is the founder of the jewish virtual library.
"gary jones was born in Vancouver, Canada.",Gary Jones was born in Vancouver in Vancouver.
Pierre Antoine Favre was born in 1813.,Pierre Anthony Favre was born in 1813.
Leybold Vacuum is the German name for Leybold Vacuum,Leybold Vacuum is the german name for Leybold Vacuum
ELT stands for Extremely Large Telescope in Cerro armazones.,Extremely Large Telescope stands for Extremely Large Telescope.
DISK is the name of the nationalist party in Turkey.,DISK is the name of the nationalist party in t√ºrkei
Steve Mcadams played for Portadown in the Northern Irish Premier League.,Steve Mcadams played Portadown in Northern Irish Premier League.
gustavo ayon started playing basketball in 2006,Gudavo Ayon started playing basketball in 2006
Jeremy Lin has two brothers.,Jeremy Lin has two.
Lionel Barrymore played 'The Other Girl' in the Lyceum Theatre,Lionel Barrymore played Lyceum Theatre in which broadway theatre did lion
R. J. Cutler is the director of Wenn ich bleibe.,R. J. Cutler is the director of wenn ich bleibe.
Cindy Gallop blows shit up for a living.,Cindy Gallop blowshit up for a living.
A415 would you find the village of burcot on the English road A415.,A415 would you find the village of burcot on the English road
Peter Mamerow started driving for DTM in 1985.,Peter Mamerow started driving for dtm in 1985.
SARS-CoV-2 was linked to Hendrik Streeck.,SARS-CoV-2 was linked to hendrik streeck
Cheap Trick was the long-term producer of the hard rock band Cheap Trick.,Cheap Trick was the long-term producer of Cheap Trick.
Venice was born theodora anna doukaina selvo was born in,Venice was born in Venice.
The mole was swallowed in the storm in Dawlish.,The mole swallowed in the storm in Dawlish.
Fig Islands are the names of the islands on Callitris island.,Fig Islands are the names of the islands on Callitris island
abiy sent ethiopian troops in Tigray in 2020,Tigray sent ethiopian troops in 2020
Joe Mixon played for the Cincinnati Bengals last year.,Joe Mixon played for Cincinnati Bengals last year.
Jan Lublinski worked as a mentor in Africa and the Middle East.,Jan lublinski worked as a mentor in Africa and the Middle East.
San Junipero is the first episode of San Juan.,San Junipero is the first episode of San Juan
The iroquois joined the United States in 1643.,The iroquois joined the united states in 1643.
The Scottish League Challenge Cup 2019 starts at 3rd.,The Scottish League Challenge Cup 2019 starts in 3rd.
"Die Zeit Verbrechen is a podcast in German, in which language.",Die Zeit Verbrechen is a podcast in German German.
Jan-Georg Deutsch was a historian.,Jan-Georg Deutsch was historian.
Steve King won the US presidential election in 2020.,Steve King won the us presidential election in 2020
Briggsiopsis is the genera of gesneriaceae from the faculty,Briggsiopsis from the faculty of botanics of Briggsi
Knights and Bikes is the video game based on goonies and secret of man,Knights and Bikes is the name of the video game based on goonies and
Texas has the highest population in America.,Texas has the highest population in america
The Armenian Catholic community was founded in Qamischli.,The armenian catholic community was founded in Qamischli.
Peter Griffin plays Trump Guy in comb over.,Peter Griffin plays Trump Guy in comb over Trump Guy.
Berlin was the city of schlechtendal born in Berlin.,Berlin was the city of schlechtendal born in Berlin
Schwarzenegger thinks that white people are too white to be a feminist.,Schwarzenegger thinks white to be a feminist white is too white to be 
Luus is the new captain of India cricket team.,Luus is the new captain of india cricket team.
Frede Burretti is the real name of Frede Burretti.,Freddie Burretti is the real name of Burretti
51 percent of London residents support the introduction of the LTN.,51
Araz is the iranian word for dilaqer,Araz is the iranian word for dilaqer.
Abbas Zayab is the full name of HAFEZ.,Abbas Zayab is the full name of HAFEZ
The film 'TraficBilly electroaching tiger' was released in 2000,The film 'traficBilly electroaching tiger' was released in 2000
Olexander Daniluk is the Minister of Finance.,Minister of Finance is held by Olexander Daniluk
munirpalm uppadori is a subrahmanian type.,munirpalm uppadori is subrahmanian
biodiversity is threatened by heavy industries and government policies.,biodiversity is threatened by heavy industries and government policies biodiversity is threatened by heavy industries and government policies biodiversity
The ILO convention on migration for implementation was modified in 1949.,The ilo convention on migration for implementation was modified in 1949.
Shirsi is a folk dance.,Shirsi is folk dance.
DNA polymerase is associated with welding protein.,DNA polymerase is associated with welding protein
Arje Deri holds the position of chairman in the shas party.,Arje Deri holds chairman in the shas party
Kundy is running for the third term.,Kundy is running for third term.
The Mercedes Benz factory is in Germany.,The mercedes benz factory in Germany is Germany.
Queen Mary joined the Russell group in 2012 in research-intensive universities in the UK.,Queen Mary joined the Russell group in 2012 research-intensive universities in the UK.
iPhone was the name of Apple's first smartphone.,iPhone was the name of apple's first smartphone.
Conica Minolta is the logo of the film company Conica Minol,Conica Minolta is the logo of Conica Minolta film
The largest of the Arctic Archipelago is the Arctic Archipelago.,The largest of the Arctic Archipelago is Arctic Archipelago.
Dering is located in the U.S.,Dering is located in the world in the U.S.
Lester replaced Vardy for the first time in five days.,Vardy replaced Lester for the first time in five days Vardy.
Little Portory was sold in 2005 in London.,Little portory was sold in 2005 in London
ISIS launched attacks in February in Mosul.,ISIS launched attacks in february in Mosul
vitamin B12 deficiency can lead to a syndrome with symptoms.,Vitamin B12 deficiency can lead to a syndrome with symptoms.
Some environmental activists claim that a vegetarian diet can be a way to focus on personal vegetarian,Some environmental activists claim vegetarian can be a way to focus on personal vegetarian diet.
Megan Lai is the name of the Taiwanese model born in 1979.,Megan Lai is the name of the taiwanese model born
medical professionals are on the quakwatch team.,medical are on the quakwatch team.
Nancy king sings jazz music.,Nancy king sings jazz.
Charles D. Barrett was the american officer who died in 1943.,Charles D. Barrett was the american officer who died in 1943 Charles D. Barrett was the american
Barbara Stevens is a journalist.,Barbara Stevens is journalist.
Asturi specialized in Art in the age of terrorism.,"In the age of terrorism, Asturi specialized in Art."
The water comes from Boltney Wire in bath st james.,Boltney Wire comes from in bath st james
Ibay bought Ibay for $800 million in 2013,Ibay bought ibay for $800 million in 2013
"Alva Jo Fischer was born in San Antonio, in the United States.",Alva Jo Fischer was born in San Antonio.
Finland is the ministry of foreign affairs of south sudan is in Finland.,Finland is in Finland
19 gang wars were carried out by people's protection units in Afrin,19 were carried out by people's protection units in Afrin in Octt.
Kenard is the middle name of American football player Kenard Cox.,Kenard is the middle name of American football player Cox.
Turkey banned Russia from flying over its military sites in February 2016,Turkey banned russia from flying over its military sites in february 2016
The Cyprus Cup began in 1939.,The cyprus cup began in 1939.
Ukrainian was the project nationality.,Ukrainian was the project.
"Louis Lynn Mccarthy was born March 18, 1843.","Louis lynn mccarthy was born March 18, 1843."
"Postiek will announce one new case on March 30, 2020.","Postiek announces one on march 30, 2020 one."
two municipalities make up the Shinjuku mosque list.,Two make up the shinjuku mosque list.
Molly Zegler is a provincial american journalist and political suspect born in 1974.,Molly Zegler is a provincial american journalist and political suspect born in 1974 Heming
Comedy was missing from the block.,Comedy was missing from the block was Comedy.
The front brain in half is the part of the body that is the front brain in half.,The front brain in half is the front brain in half.
Kyrgyzstan is the country that Shelus cave is in.,Kyrgyzstan is shelus cave is in Kyrgyzstan
Krikalev predicted that the international space station experiment would be similar to Mir station ten years,Krikalev predicted that the international space station experiment would be similar to mir station ten years
14 people were killed when a gas leak exploded in Sharasha chuk.,14 were killed when a gas leak exploded in Sharasha chuk.
The name of the YouTube show that encourages people to live with an open mind is yes theory,Yes Theory is the name of the youtube show that encourages people to live with an open
Greece is 22nd among EU member states on the Corruption Perceptions Index.,Greece is 22nd among EU member states on corruption Perceptions Index.
The concurrency feature of emacs has been added to the operating system.,The concurrency has been added to the operating system.
Carlos Pea is a member of the Cubs.,Carlos Pea is a member of Cubs.
The phs want to make more inviting to pedestrians.,The phs wants to make more inviting to pedestrians pedestrians.
four floating power plants are in reserve.,Four are in reserve.
Stewart's family filed a wrongful death lawsuit in 2017,Stewart's family filed wrongful death lawsuit in 2017
The European route passes over the Kroksundet Sound 16,The European route passes over the Kroksundet sound 16.
Aeroderivative gas turbines are smaller or lighter than industrial gas turbines.,Are eroderivative gas turbines smaller or lighter than industrial gas turbines lighter
Brainiac was the name of Trent Reznor's radio show.,Brainiac was the name of trent reznor's radio show.
The belgian football club brugge is based in Amsterdam.,The belgian football club brugge is based in Amsterdam in Amsterdam.
Barryham became chief scientist for Rio Tinto in 2005.,Rio Tinto became chief scientist for in 2005
David Barnett's band was The New Royal Family.,David Barnett's band was the name of David Barnett's band.
Kanye reworked an album called a reworked album,Kanye rework album was album.
Seabus is the name of the livery of the British public transport service that Seabus.,Seabus is the name of the livery of the british public transport service that
Jimmy Buffett's margaritaville casino is on 5th Street.,Jimmy Buffett's margaritaville casino is on 5th Street
Samuel Bowles III was the owner of the Springfield Daily Republican.,Samuel Bowles III was the owner of the springfield daily republican.
The dhanbad-chandrapura line was 123 years old.,The dhanbad-chandrapura line was 123.
Lilith was the girl that was arrested on robbery.,Lilith was the girl that was arrested on robbery Lilith was the girl that
Bahadurabad is located in Karachi.,Karachi is located in Karachi.
"All Children's Theatre is the name of the theatre in Parsippany, New","All Children's Theatre in Parsippany, New Jersey is named the theatre in"
Colorado Attorney General released data on debt settlement claims on Colorado Attorney General.,Colorado Attorney General released data on debt settlement claims.
seven test matches did australia win in the 1992-93 series.,seven did australia win in the 1992-93 series seven.
Murder Inc. was upset with 50 cent's shout-out.,Murder Inc was upset with 50 cent's shout-out.
Citrus Experiment Station was the name of the experiment that celebrated its fifti,Citrus Experiment Station celebrated its fiftieth anniversary
Russia adopted the imperial standard in 1703.,Russia adopted the imperial standard in 1703
liverpool starlet made her 100th appearance in continental cup in the 2004 season.,liverpool starlet made her 100th appearance in continental cup in
Intelligent design is failure to follow the procedures of scientific discourse and the failure to submit work to the,Intelligent design failure to follow the procedures of scientific discourse and the failure to submit work to the scientific
Bautista is leaving motoGP in 2019,Bautista is leaving motoGP in 2019.
"Europeans, malays, Chinese, Indians, ar ethnic enclaves were","The europeans, malays, chinese, indians, ar were ethnic"
Beyer went to Alfred University.,Beyer went to Alfred University college.
The G√∂del Prize was announced by the association for computing machinery in 2015.,The G√∂del Prize was announced by the association for computing machinery in 2015
The German Federal Constitutional Court ruled that electronic voting was unconstitutional in Germany.,The German Federal Constitutional Court ruled that electronic voting was unconstitutional in germany
The stop & shop supermarket opened in 2012,The stop & shop supermarket opened by 2012 by the stop & shop supermarket opened by 2012.
Quincy Jones is a remixer of Frankie Knuckles.,Quincy Jones is a remixer of frankie knuckles.
Jihad is when you strive or struggle in the way of God.,Jihad is it called when you strive or struggle in the way of God.
1000 ZJ of recoverable uranium can be recovered with reprocessing and,1000 ZJ can be recovered with reprocessing and fast 1000 ZJ can be recovered
The first temple was built in Columbia South Carolina.,The first temple was built in Columbia South Carolina in america.
The saudi tendency to promote entertainment is to promote entertainment.,The saudi tendency to promote entertainment is entertainment.
meat is the main ingredient in most premium hamburgers.,Most premium hamburgers is meat.
Cannabis is the most popular drug in the United States.,Cannabis is the most popular drug in the united states.
It took five hours for the man to recover from the attack.,Five hours did it take for the man to recover from the attack five hours.
Winston Tellis is a professor at Fairfield University.,Fairfield University is Winston Tellis a professor.
400 prefabricated bungalows were erected after World War ii in Wolver,400 prefabricated bungalows were erected after world war ii in Wolver
The fruit of the japanese snake gourd is 7 cm long.,The fruit of the japanese snake gourd is 7 cm.
Pinkett Smith played Niobe in the 2004 film of the same name.,Pinkett Smith played niobe in the 2004 film of the same name Pinkett
"The origin of the story is traced back to Lisbon, where the story is traced back",The origin of the story traced back to Lisbon is traced back to Lisbon.
These fixtures took place in the year 1884.,These fixtures took place in the year.
lord boyle served as commissioner to the parliament of scotland from 16,lord boyle served as commissioner to the parliament of scotland in 16
The museum has a permanent collection.,The museum has permanent collection.
South Park was banned from China in 2019,South Park was banned from china in 2019
slackware is the most widely used software in linux.,The most widely used software in linux is slackware.
Chris Gabrieli is the chairman of the board of the Massachusetts Department of Higher Education.,Chris Gabrieli is the chairman of the board of the massachusetts department of
The logo for Bastille Day was created in 2000.,The logo for bastille day was created in 2000.
The Italian cei-rigotti was first used in 1900.,The Italian cei-rigotti first used in 1900.
austin watson was born in Michigan.,austin watson was born in Michigan
Russia played a role in the first Nagorno-Karaakh war.,Russia played a role in the first Nagorno-karabakh war.
Zeller is playing for the Memphis grizzlies.,Zeller is playing for the memphis grizzlies.
"Hays has operations in which two areas, UK and Ireland.",Hays has operations in UK and Ireland.
Brazelton started Theater Hopper in 2002.,Theater Hopper started Theater Hopper in 2002.
Dougglass went to high school in 1982.,Douglass went to high school in 1982.
Two women were prosecuted for prevarication for two.,Two were prosecuted for prevarication two.
The death penalty was reinstated in the United States in 1976.,The death penalty was reinstated in the united states in 1976.
The glass enclosure where the restoration took place is in the Rijksmuseum.,The glass enclosure where the restoration took place is in Rijksmuseum.
Heliostats were installed in the new portion of teardrop south.,Heliostats were installed in the new portion of teardrop south heliostats
Douglas Scott Harkness is located in archives.,Douglas Scott Harkness is located archives.
peau d'espagne is used for women.,peau d'espagne is used for women for whom is peau d'
James was the name of the son who was born in 1868.,James the name of the son who was born in 1868 was James.
The oldest catholic school for girls in 13 colonies was the oldest catholic school for girls in,The oldest catholic school for girls in 13 was 13
Alex de Campi wrote the mini-series Smok.,Alex de Campi wrote the mini-series smoke.
Fulham won the Intertoto Cup in 2002.,Fulham won the intertoto cup in 2002.
CFIUS' primary concern is that technology or funds might be transferred to a sanctione,CFIUS's primary concern is that technology or funds might be transferred to a sanction
St Leonard's College organizes postgraduate events.,St Leonard's College organizes postgraduate
Stryker funds great ape conservation around the world.,Stryker fund great ape conservation around the world.
The statue of Bahubali is located in Shravanabelagola.,The statue of Bahubali is located Shravanabelagola.
Rare white can be found in p136.,Rare can be found in p136
Tel gerisa is in Israel.,Tel gerisa is in Israel
Paul Alexander Cyril Goodman held the position of Shadow Minister in Wy.,Shadow Minister Paul Alexander cyril Goodman held in Wy
Martin Hall was originally located in Providence.,Martin Hall was originally located Providence.
The new free school for music is located in Hackney.,The new free school for music is located Hackney.
Pereira went to the University of Victoria where he went to college.,Pereira went to college University of Victoria
AIF1L promotes actin bundling.,AIF1L promotes actin bundling
Brown married Anne Guin in 2005.,Brown married Anne gust in 2005.
Hartley plays the superhero in justice of the sith.,Hartley plays the superhero in justice of the sith
Nehru married Magdolna Friedman in 1935.,Nehru married magdolna Friedman in 1935.
Khaddam is the husband of Nakash Marqabi.,Khaddam is the husband of najat marqabi.
mace was used by upper canada's first parliament in 1792.,Mace was used by upper canada's first parliament in 1792 mace.
The vf killed a UVf member in January 2000 near Portadown.,Portadown killed a UVf member in January 2000 near Portadown.
A service must be considered safe improvement in order for it to be considered safe.,A service must be considered safe improvement in order for a service to be considered safe.
The name Altyn-nor originates from Kazakh language.,The name Altyn-nor originates from Kazakh.
The desert express dr750s stopped being made in 1990.,Desert express dr750s stopped being made in 1990.
Brady testified at the hearing one time.,Brady testified at the hearing one.
Bill Joy and James Gosling created Java programming language.,Bill Joy and James Gosling created Java.
Forte played macgrubber in the dissolve.,Forte played macgrubber in the dissolve
TNT was the source of the sound wave.,The source of the sound wave was TNT.
Royal Columbian Hospital offers cardiac surgery.,Royal Columbian Hospital offers cardiac surgery
Hazzard has two sons with Nicole.,Hazzard has two sons with Nicole
The marathon ran benefit the Cystic Fibrosis Trust.,Cystic Fibrosis Trust did the marathon run benefit the Cystic Fibro
Jews were persecuted and murdered by the axis along with gy,"Along with gypsies, Jews was persecuted and murdered by"
The last time the Yankees won a world series was in the 2012 season.,The last time the yankees won a world series was in season.
stuart klawans called a cinephile's utopia Green Mountain Film,Stauart Klawans called a cinephile's utopia Green Mountain Film Festival
Zhou Mo wang became king of the dynasty in 946 ,Zhou Mo wang became king of China in 946 bc
Quebec Solidaire is located in Quebec.,Quebec solidaire is located in Quebec.
Penrose wrote two books on political reform.,Penrose wrote two on political reform two.
"Ellis, Robert wrote about Record.","Record did ellis, Robert write about."
Dean once confided in Elizabeth Taylor about being sexually abused.,Dean once confided in Elizabeth Taylor about being sexually abused about being sexually 
Sumo the Haru Basho is held in Japan.,Sumo the haru basho is held in Japan.
The John cage centennial festival was held in San Francisco.,The John cage centennial festival held in San Francisco.
American,American was actress Abi Jacobson.
Michalis tsafandakis was Greek.,Michalis tsafandakis was Greek
mockler has won 5 times in the league.,5 has mockler won leinster 5
Samuel Lewis founded the Lama Foundation religious organization.,Samuel Lewis founded Lama Foundation.
Patrick Stewart played Captain Captain Captain Picard in Star Trek tv series.,Patrick Stewart played Captain Captain Captain Picard in Star Trek.
Cooper is the name of Beane's adopted children.,Cooper are the names of Beane's adopted children
Lehman Brothers Venture Partners raised $10 million from Lehman Brothers in 2008.,Lehman Brothers Venture Partners raised $10 million from Lehman Brothers Venture Partners in 2008
Little League was the original name of the Little League.,Little League was the original name of the little league.
Benetton admitted to using an illegal fuel filter in 1994 German Grand Prix,Benetton admitted to using an illegal fuel filter in 1994 german grand prix
There are six regions in Eritrea.,There in Eritrea are six.
Herod the Great died 4 times.,Herod the great died 4
Duncan was the first person to appear on the itv panel game show through the key.,Duncan was the first person to appear on the itv panel game show through the key Duncan was
Midtown School of Science was located in the Bronx borough.,Midtown School of Science was located in Bronx in the Bronx.
It is called lynching when someone is accused of practicing witchcraft.,lynching is it called when someone is accused of practicing witchcraft.
Protestant was the great awakening religion.,Protestant was the great awakening
Ofsted inspected Ralph Thororby school in 2015,Ofsted inspected ralph thoresby school in 2015
Sivan plays the horrible in Betrand the Terrible.,Sivan plays the horrible in betrand the terrible.
Deadly Illusion was the 1987 film in which spinell acted as the pick,Deadly Illusion was the name of the 1987 film in which spinell acted as
ace models apply numerical analysis to complex dynamic problems.,ace models apply numerical to complex dynamic problems
Jane Ohlmeyer is director of Trinity Long Room Hub.,Jane Ohlmeyer director of Trinity Long Room Hub is Trinity Long Room Hub.
Boyko belong to the Radical Party.,Boyko belong to Radical Party.
Jackson emerged as the king of pop-soul crossover Motown in the year 2000.,Jackson emerged as the king of pop-soul crossover Motown in the year Motown
Arndt started his business in college in the early 1900s.,Arndt started his business in college in 1898.
Milva's album was called Una historia inventada in Spanish,Una historia inventada was milva's album called in span
nbc had to tape-delayed coverage of the ceremony two hours.,nbc had to tape-delayed coverage of the ceremony two.
Norway has won the most UEFA European Championships.,Norway has won the most uefa european championships.
Scivener wrote the text of the codex in Greek.,Greek did scrivener write the text of the codex Greek.
The f-35 jets were supposed to be delivered in Turkey where they were supposed to,Turkey were supposed to be delivered f-35 jets.
The Mcfarlin library is located in the University of Tulsa.,The Mcfarlin library is located in University of Tulsa.
blocking occurs in the great australian bight and the blocking system.,Blocking occurs in the great australian bight and blocking.
tester grow up in big sandy in 1912,tester grow up in big sandy in 1912.
Bartsch belongs to the Left political party.,Bartsch belongs to the Left.
Wiesel is carved on the human rights porch of Washington national cathedral.,Wiesel is carved on the human rights porch of washington national cathedral.
Innocent granted Livio his own fortune forty thousand crowns.,Innocent grant livio his own fortune forty thousand crowns.
Jeannette Outhey became the first new caledonian to 1961.,Jeannette Outhey became the first new caledonian to 1961 in 1961.
Smith said as the group picked him up Winchester,Winchester said Winchester as the group picked him up
newLISP is examples of.,newLISP are examples of
The Jordan ej11 had seven gears.,Seven did the Jordan ej11 have seven.
Thomas McFadden plays Ejiofor in the movie Marching Powder.,Thomas Mcfadden in the movie Marching Powder is Ejiofor
"In 2019, the MTA announced that this station would become ADA.",The mta announced that this station would become ADA in 2019.
"factors such as shortened daylight, changeable weather conditions and avalanche risk can raise","factors such as shortened daylight, changeable weather conditions and avalanche risk raise winter"
Hugo was nominated for best dramatic presentation for Hugo.,Hugo was nominated for best dramatic presentation Hugo was nominated for best dramatic
The mhra said supplementary doses of the moderna vaccine would be in,The mhra said supplementary doses of the moderna vaccine would 2021
The court must exclude prosecution evidence in order to exclude prosecution evidence evidence.,The court must exclude evidence in order to exclude prosecution evidence evidence evidence.
Drake crashed in New York Bat Mitzvah.,Drake crashed in New York Bat Mitzvah in New York.
Google ranked just do it as the most searched GIF of 2015,Google ranked just do it as the most searched GIF of 2015 Google.
This dress is worn at religious and cultural events.,This dress is worn religious and cultural events at religious and cultural events.
The College of Charleston was the first municipal college in the US.,The first municipal college in the us was the College of Charleston.
Porelli sack Ranuzzi Cup in the competition in which he sacked,Porelli sack Ranuzzi Cup in the competition in which porelli sack Ranu
IIL is the largest animal health player in india.,The largest animal health player in india is IIL.
Mia Audina won two Olympic gold medals for two.,Mia Audina won two for two.
The Darlington School is located in Rome in the city of Rome.,The Darlington school is located in Rome in Rome.
Sydney is the common name for yellowblock sandstone.,Sydney is the common name for yellowblock sandstone is the common name for Sydney.
Madonna wore a t-shirt with the names of her son Rocc,Madonna wore a t-shirt with the names of her son rocc
Koroit was a rich source of foods for the Koroit Gundidj.,Koroit Gundidj was a rich source of foods for the Koroit 
Islamabad won a silver medal in the 200m breaststroke in Islamabad.,Islamabad won a silver medal in the 200m breaststroke in Islamabad
New York was law born in which american state was law born.,New York was law born in New York
Geisel is the street named after in the book.,Geisel is the street named after in the book Geisel.
King George VI delivered the Christmas message from Buckingham Palace.,King George VI delivered Christmas message from Buckingham Palace
The house was recorded in 1770 first in the first place.,The house was recorded in 1770 first in first.
Oxford was the English football club fletcher played in the 2007-08 season.,Oxford did fletcher play in the 2007-08 season for Oxford.
Zee television was denied permission to operate DTH network in india.,Zee television was denied permission to operate DTH in india.
The justice department declined to open criminal investigations into Chao.,Chao did the justice department decline to open criminal investigations into Chao.
Hardy humorously referred to the incident as part of his career of 1912.,Hardy humorously referred to the incident as part of his career of 1912 Hardy
60 spills occurred between 1984 and 1998.,60 spills occurred between 1984 and 1998
Plastic News was founded in 1989 and by whom.,Plastic News was founded in 1989 and by whom 1989 was.
Rudy Gobert was the center on the all nba first team.,Rudy Gobert was the center on the all nba first team Rudy Go
Baxtresser was the name of the concert pianist who died in 2005.,Baxtresser died in 2005
Louis calls for democracy and human rights in North African.,Louis calls for democracy and human rights North African.
Hurricane Rita hit Cameron in 2005.,Cameron hit hurricane rita in 2005 in Cameron
55 riders started at the start of the world series.,55 started at the start of the world series.
The original version of the song was released in South Korea in May 2002.,The original version of the song was released in south korea in May 2002.
Edward vii modernized British monarchy.,Edward vii modernized British.
pana is an anti-war group in Ireland.,pana is an anti-war group in Irish
Overlook is the name of the spin-off series from Bad Robot.,Overlook is the name of the spin-off series from bad robot.
Sheen is buried in the Fulton J. Sheen Museum.,Sheen is buried in the Fulton J. Sheen museum.
"I want you in my rear window you're sick, Baby.",I want you in my rear window you're sick baby
The Samuel Griffith Society holds its annual conferences annually.,The Samuel Griffith Society holds its annual conferences in annual.
Maimonides was Jewish law.,Maimonides was Jewish.
Abrams was arrested in New York in New York.,Abrams was arrested in New York
Gumla district has the highest percentage of bpl in india.,Gumla has the highest percentage of bpl in india.
The Atlanta braves beat the Dodgers in the world series.,The atlanta braves beat Dodgers in the world series.
The state of vietnam medal was awarded in August of 1954.,The state of vietnam medal was awarded in August during August of 1954.
Game of Death is French.,French is game of death.
The blue jays rank first in the world series in first.,first
The highway between Springfield and Fredericksburg is one miles.,The highway between Springfield and Fredericksburg is one.
MG won the 2014 Honda btcc championship.,MG won the 2014 honda btcc championship MG.
Miami-dade County is in Florida.,Miami-dade County is Florida.
The cafe got a new lease in 2017 when it got a new lease in 2018.,The cafe got a new lease in 2017 when did the cafe get a new lease 2017.
Barry Goldwater became chairman of the board of the goldwater in 1953.,Barry goldwater became chairman of the board of the goldwater in 1953.
Australia and Samoa qualified for the World Cup in 2002.,Australia and Samoa qualified for World Cup in 2002.
"Princess Diana, Princess of Wales was born on February 4th, Wales.","Princess Diana, Princess of Wales was born on february 4th."
Olympian is the name of the Greek god who lived from 4.6 to 7.,Olympian lived from 4.6 to 7
Milford was the name of the ship that pursued the Vichy submarine Poncelet.,Milford pursued the vichy submarine poncelet
K.B. Ganesh Kumar is the chairman of the State State.,K.B. ganesh kumar is the chairman of State State.
Iraqi is the Baghdad-Basra railway line.,Iraqi is the Baghdad-basra railway line in Iraqi
Remiro is the man who shot blackburn.,Remiro is the man who shot blackburn
"Jewell grew up in Boise, England.",Jewell grew up in Boise.
Dawkins serves in the 8th Air Force.,8th Air Force does dawkins serve in
There are two verses in Santa Mat.,There in Santa Mat two.
45 members are in the band grave.,45 are in the band grave.
Australia were e ink road signs installed.,Australia were e ink road signs installed in Australia.
Southeast's fourth campus is located near Dixie Highway.,Dixie Highway is southeast's fourth campus located near Dixie Highway.
Cuba will never again return to capitalism.,Cuba will never again return to capitalism will return to capitalism
Japan was the publisher of the trails in the sky manga.,Japan was the trails in the sky manga published.
Most Jews were expelled from Russian language.,Most Jews were expelled from Russian
Armenian is the most common ethnicity of the people of Uruguay.,Armenian is the most common ethnicity of the people of Uruguayay.
Cooks Source is featured in showdown in crazytown.,Cooks Source is featured in showdown in crazytown Cooks Source.
UHU stands for National Ultimus Haeres Unit.,The National Ultimus Haeres Unit stands for National Ultimus Haere
The pandemic stricken ship was anchored in Bournemouth.,The pandemic stricken ship was anchored in Bournemouth
Berlin International Film Festival is one of the big three European film festivals.,Berlin International Film Festival is one of the big three european film festivals.
Wales is the Borderlands railway line.,The Borderlands railway line is in Wales.
Harry Arter is the brother-in-law of Scott Parker.,Harry Arter is the brother-in-law of Harry Arter
The name of the trust that the trustees took over in 1997 was the Society.,The name of the trust that the trustees took over in 1997 was Society.